Item_Identifier,Item_Weight,Item_Fat_Content,Item_Visibility,Item_Type,Item_MRP,Outlet_Identifier,Outlet_Establishment_Year,Outlet_Size,Outlet_Location_Type,Outlet_Type,Item_Outlet_Sales
FDA15,9.3,Low Fat,0.016047,Dairy,249.8092,OUT049,1999,Medium,Tier 1,Supermarket Type1,3735.138
DRC01,5.92,Regular,0.019278,Soft Drinks,48.2692,OUT018,2009,Medium,Tier 3,Supermarket Type2,443.4228
FDN15,17.5,Low Fat,0.01676,Meat,141.618,OUT049,1999,Medium,Tier 1,Supermarket Type1,2097.27
FDX07,19.2,Regular,0,Fruits and Vegetables,182.095,OUT010,1998,,Tier 3,Grocery Store,732.38
NCD19,8.93,Low Fat,0,Household,53.8614,OUT013,1987,High,Tier 3,Supermarket Type1,994.7052
FDP36,10.395,Regular,0,Baking Goods,51.4008,OUT018,2009,Medium,Tier 3,Supermarket Type2,556.6088
FDO10,13.65,Regular,0.012741,Snack Foods,57.6588,OUT013,1987,High,Tier 3,Supermarket Type1,343.5528
FDP10,,Low Fat,0.12747,Snack Foods,107.7622,OUT027,1985,Medium,Tier 3,Supermarket Type3,4022.764
FDH17,16.2,Regular,0.016687,Frozen Foods,96.9726,OUT045,2002,,Tier 2,Supermarket Type1,1076.599
FDU28,19.2,Regular,0.09445,Frozen Foods,187.8214,OUT017,2007,,Tier 2,Supermarket Type1,4710.535
FDY07,11.8,Low Fat,0,Fruits and Vegetables,45.5402,OUT049,1999,Medium,Tier 1,Supermarket Type1,1516.027
FDA03,18.5,Regular,0.045464,Dairy,144.1102,OUT046,1997,Small,Tier 1,Supermarket Type1,2187.153
FDX32,15.1,Regular,0.100014,Fruits and Vegetables,145.4786,OUT049,1999,Medium,Tier 1,Supermarket Type1,1589.265
FDS46,17.6,Regular,0.047257,Snack Foods,119.6782,OUT046,1997,Small,Tier 1,Supermarket Type1,2145.208
FDF32,16.35,Low Fat,0.068024,Fruits and Vegetables,196.4426,OUT013,1987,High,Tier 3,Supermarket Type1,1977.426
FDP49,9,Regular,0.069089,Breakfast,56.3614,OUT046,1997,Small,Tier 1,Supermarket Type1,1547.319
NCB42,11.8,Low Fat,0.008596,Health and Hygiene,115.3492,OUT018,2009,Medium,Tier 3,Supermarket Type2,1621.889
FDP49,9,Regular,0.069196,Breakfast,54.3614,OUT049,1999,Medium,Tier 1,Supermarket Type1,718.3982
DRI11,,Low Fat,0.034238,Hard Drinks,113.2834,OUT027,1985,Medium,Tier 3,Supermarket Type3,2303.668
FDU02,13.35,Low Fat,0.102492,Dairy,230.5352,OUT035,2004,Small,Tier 2,Supermarket Type1,2748.422
FDN22,18.85,Regular,0.13819,Snack Foods,250.8724,OUT013,1987,High,Tier 3,Supermarket Type1,3775.086
FDW12,,Regular,0.0354,Baking Goods,144.5444,OUT027,1985,Medium,Tier 3,Supermarket Type3,4064.043
NCB30,14.6,Low Fat,0.025698,Household,196.5084,OUT035,2004,Small,Tier 2,Supermarket Type1,1587.267
FDC37,,Low Fat,0.057557,Baking Goods,107.6938,OUT019,1985,Small,Tier 1,Grocery Store,214.3876
FDR28,13.85,Regular,0.025896,Frozen Foods,165.021,OUT046,1997,Small,Tier 1,Supermarket Type1,4078.025
