Roll_Number,Age_in_years_completed,Percentage_in_10_Class,Percentage_in_12_Class,Percentage_in_Under_Graduate,Gender,STATE,Previous_Degree,Marital_status,Place_you_belong_to,Total_Family_Income_per_annum,Work_Experience,Career_options_after_MBA,Specialization,Percentage_in_MBA,CTC Offeredin lakhs PA
1,23,79,90,71,Male,South Zone,Commerce,Single,Semi Urban,Less than 5 Lakh,1-2 year,Job,Finance,66,6
2,20,93,94.8,84.55,Female,South Zone,Commerce,Single,Urban,Less than 5 Lakh,no experience,Job,Finance,69.4,5.8
3,22,78,80,87,Male,East and North East Zone,Engineering,Single,Urban,5 to 10 Lakh,1-2 year,Job,Finance,67.27,
4,24,72,85,72,Male,South Zone,Commerce,Single,Urban,Less than 5 Lakh,2-3 year,Job,Finance,66.09,
5,23,79,70,81.6,Male,East and North East Zone,Commerce,Single,Urban,5 to 10 Lakh,1-2 year,Self-employed/ entreprene,Finance,64,6.54
6,22,72,83,69,Male,North Zone,Commerce,Single,Urban,5 to 10 Lakh,no experience,Job,Finance,63,6
7,25,71.67,89.98,73,Female,East and North East Zone,Commerce,Single,Urban,10-15 lakh,2-3 year,Job,Finance,67.19,6.54
8,20,94.4,97.17,94,Female,South Zone,Commerce,Single,Semi Urban,Less than 5 Lakh,no experience,Job,Finance,73.41,5.94
9,22,85,89,63,Female,East and North East Zone,Commerce,Single,Urban,15 lakh and above,no experience,Job,Finance,70,6
10,22,93.1,88.4,80.01,Male,South Zone,Commerce,Single,Rural,5 to 10 Lakh,no experience,Job,Finance,69.17,5.8
11,20,75.36,83.5,84.5,Male,South Zone,Commerce,Single,Urban,Less than 5 Lakh,no experience,Higher Studies,Finance,66,
12,20,93.2,94.75,74,Male,South Zone,Commerce,Single,Urban,5 to 10 Lakh,no experience,Job,Finance,65.6,5.5
13,20,70,83,63,Female,South Zone,Commerce,Single,Urban,Less than 5 Lakh,no experience,Job,Finance,62,5.8
14,21,66.5,87.5,69.17,Female,South Zone,Commerce,Single,Urban,10-15 lakh,no experience,Job,Finance,70.5,6
15,26,93.2,83.8,77,Female,Central Zone,Engineering,Single,Urban,15 lakh and above,no experience,Job,Finance,74.97,6.6
16,24,87,83,63,Male,South Zone,Commerce,Single,Urban,5 to 10 Lakh,no experience,Job,Finance,72.7,7
17,22,91.2,80,67,Male,Central Zone,Commerce,Single,Semi Urban,Less than 5 Lakh,no experience,Job,Finance,68.3,5
18,23,85,92,64,Male,South Zone,Commerce,Single,Semi Urban,5 to 10 Lakh,2-3 year,Job,Finance,72,6.6
19,24,79.8,61.6,60.33,Female,Central Zone,Engineering,Single,Urban,10-15 lakh,no experience,Job,Finance,69.28,
20,21,74.1,86.8,70.63,Female,North Zone,Management,Single,Urban,Less than 5 Lakh,no experience,Job,Finance,68.5,5
21,23,93.4,96,83.4,Female,South Zone,Engineering,Single,Urban,5 to 10 Lakh,1-2 year,Job,Finance,67,5.8
22,21,81.28,89.33,78,Female,South Zone,Commerce,Single,Urban,Less than 5 Lakh,no experience,Job,Finance,63.2,4.75
23,21,89.4,70,81.58,Female,North Zone,Management,Single,Rural,15 lakh and above,no experience,Job,Finance,72,5
24,21,95,92.4,79.8,Female,South Zone,Engineering,Single,Semi Urban,5 to 10 Lakh,no experience,Job,Finance,69,5.94
25,21,76,75.2,61,Male,East and North East Zone,Commerce,Single,Urban,5 to 10 Lakh,no experience,Job,Finance,65,6.54
26,22,74.1,78,65,Male,South Zone,Commerce,Single,Rural,10-15 lakh,less than 1 year,Job,Finance,61.59,
27,23,95,93,83,Female,South Zone,Commerce,Single,Urban,5 to 10 Lakh,1-2 year,Job,Finance,71.5,6
28,22,95,84.8,79.09,Female,South Zone,Commerce,Single,Urban,5 to 10 Lakh,no experience,Job,Finance,67.71,5.17
29,24,68,63,64,Female,North Zone,Management,Single,Urban,10-15 lakh,less than 1 year,Job,Finance,60,
30,21,92.4,89,77,Female,East and North East Zone,Commerce,Single,Urban,Less than 5 Lakh,no experience,Higher Studies,Finance,75,6
31,24,82.2,71.4,64.25,Female,East and North East Zone,Science,Single,Urban,5 to 10 Lakh,no experience,Job,Finance,70.19,5.8
32,22,95.52,92.67,79.5,Male,South Zone,Engineering,Single,Urban,Less than 5 Lakh,no experience,Job,Finance,73.3,5.94
33,21,91.2,90.2,86,Female,North Zone,Commerce,Single,Semi Urban,5 to 10 Lakh,no experience,Job,Finance,74.225,6.6
34,22,89.3,89,70.53,Female,North Zone,Arts,Single,Urban,Less than 5 Lakh,no experience,Job,Finance,71.94,6.6
35,21,79.8,65.5,81.75,Female,East and North East Zone,Science,Single,Urban,Less than 5 Lakh,no experience,Job,Finance,68.88,6.54
36,22,85.5,91.16,69,Female,South Zone,Commerce,Single,Urban,10-15 lakh,1-2 year,Job,Finance,69.69,6
37,22,83.85,86.2,87.45,Female,North Zone,Commerce,Single,Rural,Less than 5 Lakh,no experience,Job,Finance,71.22,6.6
38,23,89.33,84.6,66.4,Male,East and North East Zone,Engineering,Single,Semi Urban,Less than 5 Lakh,no experience,Job,Finance,63.08,5.5
39,22,89.8,82.5,62.375,Male,East and North East Zone,Science,Single,Semi Urban,5 to 10 Lakh,no experience,Job,Finance,71,7.5
40,24,86,69,73,Male,South Zone,Science,Single,Urban,5 to 10 Lakh,1-2 year,Job,Finance,68,6.54
41,25,87,84.2,78.13,Male,North Zone,Engineering,Single,Urban,15 lakh and above,1-2 year,Job,Finance,69.22,
42,21,83.6,73.4,82.22,Female,South Zone,Commerce,Single,Urban,10-15 lakh,no experience,Job,Finance,68.22,5.5
43,21,91,93,89.5,Female,South Zone,Commerce,Single,Urban,Less than 5 Lakh,no experience,Job,Finance,75.6,5.5
44,21,84,85,83,Female,South Zone,Commerce,Married,Urban,10-15 lakh,no experience,Job,HR,66.6,6
45,21,85,88,79,Female,East and North East Zone,Commerce,Single,Urban,Less than 5 Lakh,no experience,Job,HR,70.6,4.5
46,23,85.8,84.6,89,Male,South Zone,Engineering,Single,Urban,Less than 5 Lakh,1-2 year,Job,HR,69.4,12
47,23,84,85,74,Female,South Zone,Commerce,Single,Urban,15 lakh and above,2-3 year,Job,HR,71.3,5.79
48,20,93,85,66,Female,North Zone,Commerce,Single,Urban,5 to 10 Lakh,no experience,Job,HR,65,6
49,22,87.5,72.4,64,Female,North Zone,Science,Single,Urban,5 to 10 Lakh,no experience,Job,HR,66,6
50,22,89.9,83.4,84.1,Female,North Zone,Science,Single,Urban,Less than 5 Lakh,no experience,Job,HR,73.91,7
51,22,92.8,84.8,78,Female,South Zone,Science,Single,Urban,Less than 5 Lakh,1-2 year,Job,HR,69.87,6
52,24,93.4,96.58,91.7,Male,South Zone,Engineering,Single,Semi Urban,Less than 5 Lakh,2-3 year,Job,HR,73.17,
53,23,87,89,80,Female,North Zone,Science,Single,Urban,10-15 lakh,no experience,Job,HR,67.14,4.8
54,23,80.67,60.29,70.58,Male,East and North East Zone,Management,Single,Urban,5 to 10 Lakh,less than 1 year,Job,HR,62.06,6
55,20,80,81.2,76,Female,South Zone,Commerce,Single,Urban,10-15 lakh,no experience,Job,HR,69.65,5
56,21,87.4,91.2,69.8,Female,South Zone,Commerce,Married,Urban,Less than 5 Lakh,no experience,Job,HR,67.46,4.2
57,21,84.33,88.7,74.19,Female,South Zone,Commerce,Single,Urban,Less than 5 Lakh,no experience,Job,HR,71.11,6
58,23,88.6,76.4,74.6,Female,North Zone,Science,Single,Urban,Less than 5 Lakh,no experience,Job,HR,71.43,6
59,21,95,67,70,Female,South Zone,Science,Single,Urban,Less than 5 Lakh,no experience,Job,HR,66.22,
60,24,90,96,75,Female,South Zone,Engineering,Single,Semi Urban,5 to 10 Lakh,2-3 year,Job,LOS,72.44,6.5
61,25,85,79,68,Female,South Zone,Engineering,Single,Semi Urban,Less than 5 Lakh,less than 1 year,Job,LOS,6.5,6
62,21,97.2,91,68,Male,South Zone,Engineering,Single,Urban,Less than 5 Lakh,less than 1 year,Job,LOS,62,4.2
63,24,89.4,90.75,76.7,Male,South Zone,Engineering,Single,Urban,5 to 10 Lakh,2-3 year,Job,LOS,77.41,9.5
64,24,83.4,79.6,81,Female,South Zone,Engineering,Single,Semi Urban,Less than 5 Lakh,1-2 year,Job,LOS,73.05,6.5
65,25,84.5,95,75.44,Female,South Zone,Engineering,Single,Semi Urban,5 to 10 Lakh,2-3 year,Job,LOS,75.23,
66,25,96.32,93.83,90.4,Female,South Zone,Engineering,Single,Semi Urban,Less than 5 Lakh,2-3 year,Job,LOS,76.83,7
67,25,77.8,62.2,60.1,Male,North Zone,Engineering,Single,Urban,Less than 5 Lakh,2-3 year,Job,LOS,68.48,
68,25,85.6,74.8,63.9,Male,West ZONE,Engineering,Single,Rural,Less than 5 Lakh,2-3 year,Job,LOS,67.11,6.5
69,25,77.6,82.6,76.9,Male,Central Zone,Engineering,Single,Semi Urban,5 to 10 Lakh,no experience,Job,LOS,66.85,
70,22,92,94,78.71,Female,South Zone,Engineering,Single,Urban,5 to 10 Lakh,no experience,Self-employed/ entreprene,LOS,66.29,6
71,25,79.4,64,71.2,Male,South Zone,Engineering,Single,Urban,5 to 10 Lakh,1-2 year,Job,LOS,66.8,
72,22,90,88.8,67,Male,South Zone,Engineering,Single,Semi Urban,5 to 10 Lakh,no experience,Job,LOS,69.84,12
73,22,91.2,94.4,73.15,Female,South Zone,Engineering,Single,Semi Urban,10-15 lakh,no experience,Job,LOS,70.67,6
74,24,77.85,72.08,69.25,Male,West ZONE,Engineering,Single,Semi Urban,Less than 5 Lakh,1-2 year,Job,LOS,68.1,4.4
75,21,93.3,91.5,72.5,Male,South Zone,Engineering,Single,Urban,5 to 10 Lakh,no experience,Job,LOS,65,
76,26,89.12,84,69.34,Male,South Zone,Engineering,Married,Urban,Less than 5 Lakh,more than 3 years,Job,LOS,68.38,6.5
77,24,81.8,85.16,63.5,Male,South Zone,Engineering,Single,Rural,Less than 5 Lakh,1-2 year,Job,LOS,68,6.7
78,26,75.75,61.86,67.88,Male,East and North East Zone,Engineering,Single,Rural,Less than 5 Lakh,more than 3 years,Job,LOS,68.38,5.79
79,25,83.6,80.6,62,Male,North Zone,Engineering,Single,Urban,15 lakh and above,1-2 year,Job,LOS,73.55,9.5
80,22,79.17,80.4,72.51,Male,West ZONE,Engineering,Single,Urban,Less than 5 Lakh,less than 1 year,Job,LOS,67.62,5.8
81,23,89.3,79.2,72.56,Male,North Zone,Engineering,Single,Urban,Less than 5 Lakh,no experience,Job,LOS,70.32,5.79
82,20,93,92,77,Female,South Zone,Science,Single,Rural,Less than 5 Lakh,no experience,Job,LOS,69,6
83,26,86.4,80.4,70.22,Male,Central Zone,Engineering,Single,Semi Urban,15 lakh and above,2-3 year,Job,LOS,70.48,6.2
84,23,90,92,79,Female,South Zone,Engineering,Single,Semi Urban,5 to 10 Lakh,less than 1 year,Job,LOS,72.54,5.79
85,25,87,94.8,78,Female,South Zone,Engineering,Married,Urban,5 to 10 Lakh,more than 3 years,Job,LOS,73,8
86,24,75.8,75.6,63.86,Male,South Zone,Engineering,Single,Urban,10-15 lakh,1-2 year,Job,LOS,64.95,6.5
87,21,70,67,65,Male,North Zone,Commerce,Single,Semi Urban,5 to 10 Lakh,no experience,Job,LOS,59.16,4.7
88,25,88.8,90,78.6,Male,South Zone,Engineering,Single,Urban,5 to 10 Lakh,2-3 year,Job,LOS,70.64,
89,23,91.2,90,75.8,Female,South Zone,Engineering,Single,Semi Urban,5 to 10 Lakh,no experience,Job,LOS,67.19,10
90,19,86.8,72.6,78.9,Male,South Zone,Management,Single,Semi Urban,Less than 5 Lakh,no experience,Job,Marketing,69.62,6.5
91,25,86,75,65,Male,South Zone,Engineering,Single,Semi Urban,5 to 10 Lakh,1-2 year,Job,Marketing,66.4,5.8
92,21,85,81,78,Male,South Zone,Management,Single,Urban,5 to 10 Lakh,no experience,Job,Marketing,66.54,7.5
93,20,88,87.8,65,Male,North Zone,Commerce,Single,Urban,15 lakh and above,no experience,Job,Marketing,70.25,
94,22,96,80,65,Male,South Zone,Engineering,Single,Urban,10-15 lakh,no experience,Not yet decided,Marketing,64,7
95,21,80,92,75,Female,South Zone,Commerce,Single,Rural,5 to 10 Lakh,no experience,Job,Marketing,60,5
96,26,88.16,84.3,74.2,Male,South Zone,Engineering,Single,Urban,Less than 5 Lakh,2-3 year,Job,Marketing,66,6.75
97,21,68,88,76,Male,South Zone,Engineering,Single,Urban,15 lakh and above,less than 1 year,Job,Marketing,65,6
98,20,72,66,60,Male,East and North East Zone,Management,Single,Urban,Less than 5 Lakh,no experience,Job,Marketing,60.7,
99,23,94.4,92.75,74.4,Male,South Zone,Engineering,Single,Rural,Less than 5 Lakh,1-2 year,Job,Marketing,72.6,7.5
100,23,75,72,70,Male,North Zone,Engineering,Single,Semi Urban,Less than 5 Lakh,less than 1 year,Job,Marketing,67,9
101,22,88.16,79.8,78.8,Male,South Zone,Engineering,Single,Urban,5 to 10 Lakh,less than 1 year,Job,Marketing,67,4.5
102,22,91.2,78,69.8,Female,North Zone,Science,Single,Urban,5 to 10 Lakh,no experience,Job,Marketing,70.51,7
103,20,80,93.25,75,Female,North Zone,Commerce,Single,Urban,15 lakh and above,no experience,Job,Marketing,63.3,6
104,25,83.4,79,66.8,Male,North Zone,Engineering,Single,Urban,15 lakh and above,2-3 year,Job,Marketing,66.1,10
105,22,69.6,65.25,62,Male,East and North East Zone,Management,Single,Semi Urban,Less than 5 Lakh,no experience,Job,Marketing,62,
106,21,89.4,95.6,77,Male,South Zone,Commerce,Single,Urban,5 to 10 Lakh,no experience,Self-employed/ entreprene,Marketing,65.11,4.7
107,21,84.66,79.66,70,Male,East and North East Zone,Science,Single,Semi Urban,5 to 10 Lakh,no experience,Job,Marketing,67.08,7
108,22,61,62,58,Male,West ZONE,Commerce,Single,Urban,5 to 10 Lakh,no experience,Job,Marketing,62.49,
109,22,82,78.83,65,Male,South Zone,Engineering,Single,Urban,15 lakh and above,no experience,Job,Marketing,69.3,6.5
110,22,71,74.8,72,Male,Central Zone,Engineering,Single,Urban,5 to 10 Lakh,no experience,Job,Marketing,61,
111,26,84,91.5,71.44,Female,East and North East Zone,Commerce,Single,Urban,5 to 10 Lakh,2-3 year,Job,Marketing,68,7
112,22,86,76,77,Female,South Zone,Engineering,Single,Urban,15 lakh and above,less than 1 year,Job,Marketing,65.9,
113,23,95,85,85,Female,South Zone,Engineering,Single,Urban,15 lakh and above,less than 1 year,Job,Marketing,70.64,8
114,23,88.67,85.29,75.5,Female,East and North East Zone,Engineering,Single,Urban,5 to 10 Lakh,no experience,Job,Marketing,68.1,5.6
115,22,76,79,68,Male,South Zone,Engineering,Single,Semi Urban,10-15 lakh,no experience,Job,Marketing,63.8,4.8
116,21,70.4,80.3,60.15,Male,North Zone,Commerce,Single,Urban,10-15 lakh,no experience,Job,Marketing,65.84,
117,25,83,64,77,Male,North Zone,Management,Single,Urban,5 to 10 Lakh,2-3 year,Job,Marketing,71.25,6.8
118,24,79,61,70,Male,East and North East Zone,Science,Single,Urban,5 to 10 Lakh,no experience,Job,Marketing,68,
119,23,80.6,68.3,73,Male,East and North East Zone,Engineering,Single,Urban,5 to 10 Lakh,no experience,Job,Marketing,67.4,6.66
120,20,70.3,88,65,Female,South Zone,Commerce,Single,Urban,5 to 10 Lakh,no experience,Self-employed/ entreprene,Marketing,64.38,8.8
121,23,67,62,67,Female,Central Zone,Commerce,Single,Urban,Less than 5 Lakh,1-2 year,Job,Marketing,63,6
122,22,89.6,68.6,72,Male,South Zone,Science,Single,Semi Urban,Less than 5 Lakh,no experience,Job,Marketing,65.6,4
123,23,84,74,66,Male,South Zone,Engineering,Single,Rural,Less than 5 Lakh,1-2 year,Job,Marketing,63.26,6.5
124,20,79,81,76,Male,South Zone,Commerce,Single,Urban,Less than 5 Lakh,no experience,Job,Marketing,63,6
125,20,58.9,76,68.57,Male,North Zone,Management,Single,Urban,5 to 10 Lakh,no experience,Job,Marketing,63.77,6.54
126,22,82,70,76.5,Male,Central Zone,Engineering,Single,Semi Urban,5 to 10 Lakh,no experience,Job,Marketing,67,7.5
127,22,81,84.5,86,Female,South Zone,Commerce,Single,Urban,Less than 5 Lakh,no experience,Job,Marketing,64,6.5
128,21,88.89,72.44,93,Female,South Zone,Engineering,Single,Urban,5 to 10 Lakh,no experience,Job,Marketing,67.6,6
129,20,85.5,84.2,74,Female,North Zone,Management,Single,Urban,Less than 5 Lakh,no experience,Job,Marketing,62,
130,22,91.25,92,75.5,Male,North Zone,Management,Single,Semi Urban,Less than 5 Lakh,no experience,Job,Marketing,63.5,6
131,22,78,70,72,Male,West ZONE,Engineering,Single,Urban,5 to 10 Lakh,no experience,Not yet decided,Marketing,66.57,6.5
132,22,95,78.6,75.43,Male,Central Zone,Engineering,Single,Urban,5 to 10 Lakh,no experience,Job,Marketing,68.54,6
133,24,83.3,77,67.1,Female,North Zone,Engineering,Single,Urban,5 to 10 Lakh,1-2 year,Job,Marketing,67.27,6
134,23,87.4,79.8,74.92,Male,South Zone,Engineering,Single,Semi Urban,Less than 5 Lakh,less than 1 year,Job,Marketing,71.84,4.5
135,20,88,79,69,Male,South Zone,Management,Single,Rural,Less than 5 Lakh,no experience,Job,Marketing,57,4
136,24,80,72,64,Male,South Zone,Commerce,Single,Urban,5 to 10 Lakh,no experience,Job,Marketing,60.57,6.95
137,23,89.76,85.6,83,Male,South Zone,Engineering,Single,Semi Urban,5 to 10 Lakh,1-2 year,Job,Marketing,69.3,6.5
138,21,79.8,93.8,79.04,Female,South Zone,Management,Single,Urban,Less than 5 Lakh,no experience,Job,Marketing,66,7
139,23,92,87.5,77.7,Female,South Zone,Engineering,Single,Urban,5 to 10 Lakh,less than 1 year,Job,Marketing,61,6
140,23,77,87,65,Female,East and North East Zone,Commerce,Single,Urban,10-15 lakh,no experience,Job,Marketing,65,6.1
