SNO,Age_in_years_completed,Percentage_in_10_Class,Percentage_in_12_Class,Percentage_in_Under_Graduate,Gender,State,Previous_Degree,Fathers_qualification,Mothers_qualification,Fathers_occupation,Mothers_occupation,Marital_status,Place_you_belong_to,Total_Family_Income_per_annum,Funding_for_the_MBA_Program,Work_Experience,Career_options_after_MBA
1,23,75,74,67,Male,North East Zone,Commerce,DIPLOMA,DIPLOMA,Professional Job,Professional Job,Single,Urban,7- 10 Lakh,Loan and self,no experience,Job
2,21,68,78,65,Female,North East Zone,Commerce,Under Graduate,SSC,Self employed,House wife,Single,Rural,10-15 lakh,Family,no experience,Not yet decided
3,23,89.33,84.6,66.4,Male,North East Zone,Engineering,Under Graduate,HSC,RETIRED,House wife,Single,Semi Urban,3-5 Lakh,Family,no experience,Job
4,25,71.67,89.98,73,Female,North East Zone,Commerce,Under Graduate,Under Graduate,Technical Job,House wife,Single,Urban,10-15 lakh,Family,2-3 year,Job
5,22,91.2,91.2,70,Female,Central Zone,Commerce,Under Graduate,Post Graduation,Professional Job,Professional Job,Single,Urban,3-5 Lakh,Loan and family,no experience,Job
6,26,77,68,72.65,Female,Central Zone,Engineering,Not Alive,Post Graduation,Not Alive,House wife,Married,Urban,0-3 Lakh,Family,4-5 year,Job
7,24,79.8,61.6,60.33,Female,Central Zone,Engineering,Post Graduation,HSC,Professional Job,House wife,Single,Urban,10-15 lakh,Loan,no experience,Job
8,22,82,70,76.5,Male,Central Zone,Engineering,Post Graduation,Under Graduate,Professional Job,Professional Job,Single,Semi Urban,7- 10 Lakh,Loan and family,no experience,Job
9,22,95,78.6,75.43,Male,Central Zone,Engineering,Under Graduate,Under Graduate,Professional Job,House wife,Single,Urban,7- 10 Lakh,Family,no experience,Job
10,26,86.4,80.4,70.22,Male,Central Zone,Engineering,Under Graduate,Under Graduate,Technical Job,House wife,Single,Semi Urban,15 lakh and above,Family,2-3 year,Job
11,22,89.3,89,70.53,Female,North Zone,Arts,Under Graduate,Under Graduate,Self employed,House wife,Single,Urban,3-5 Lakh,Family,no experience,Job
12,24,77.4,86.2,68.67,Female,North Zone,Commerce,Post Graduation,Post Graduation,Professional Job,House wife,Single,Urban,5-7 Lakh,Self and Family,2-3 year,Job
13,21,72.6,90.5,68,Male,North Zone,Commerce,Under Graduate,Post Graduation,Professional Job,Professional Job,Single,Urban,10-15 lakh,Loan,no experience,Job
14,22,72,83,69,Male,North Zone,Commerce,Under Graduate,Post Graduation,Self employed,House wife,Single,Urban,5-7 Lakh,Self,no experience,Job
15,21,70.4,80.3,60.15,Male,North Zone,Commerce,Under Graduate,Under Graduate,Professional Job,Professional Job,Single,Urban,10-15 lakh,Loan,no experience,Job
16,21,81,78,65,Male,North Zone,Commerce,Under Graduate,Under Graduate,Professional Job,Professional Job,Single,Urban,5-7 Lakh,Self,no experience,Job
17,25,83.6,80.6,62,Male,North Zone,Engineering,CA/CS,Post Graduation,Professional Job,House wife,Single,Urban,15 lakh and above,Loan and family,1-2 year,Job
18,25,87,84.2,78.13,Male,North Zone,Engineering,PhD or higher qualificati,PhD or higher qualificati,Self employed,Self employed,Single,Urban,15 lakh and above,Family,1-2 year,Job
19,22,91.2,90.6,87.87,Female,North Zone,Engineering,Post Graduation,Under Graduate,Self employed,Professional Job,Single,Urban,5-7 Lakh,Loan and family,no experience,Job
20,24,65,70,65,Male,North Zone,Journalism,Under Graduate,PhD or higher qualificati,Professional Job,Professional Job,Single,Urban,0-3 Lakh,Loan,1-2 year,Job
21,22,82,76,82,Female,North Zone,Management,Post Graduation,Post Graduation,Technical Job,Self employed,Single,Urban,10-15 lakh,Loan and family,1-2 year,Job
22,22,74.1,74.8,64,Male,North Zone,Management,Post Graduation,Under Graduate,Professional Job,House wife,Single,Urban,7- 10 Lakh,Family,no experience,Job
23,22,71,72,71,Male,North Zone,Management,Under Graduate,Under Graduate,Professional Job,Professional Job,Single,Urban,7- 10 Lakh,Family,no experience,Job
24,21,90,72,68,Female,North Zone,Science,Post Graduation,Post Graduation,Professional Job,Professional Job,Single,Urban,10-15 lakh,Family,no experience,Job
25,22,87.5,72.4,64,Female,North Zone,Science,Under Graduate,Under Graduate,Professional Job,Professional Job,Single,Urban,7- 10 Lakh,Loan and family,no experience,Job
26,26,80.1,68,72.3,Female,North Zone,Science,Under Graduate,Under Graduate,Professional Job,Professional Job,Single,Urban,5-7 Lakh,Self,1-2 year,Job
27,25,77.8,62.2,60.1,Male,North Zone,Engineering,Under Graduate,Under Graduate,Self employed,House wife,Single,Urban,3-5 Lakh,Loan,2-3 year,Job
28,25,77.8,62.2,60.1,Male,North Zone,Engineering,Under Graduate,Under Graduate,Self employed,House wife,Single,Urban,3-5 Lakh,Loan,2-3 year,Job
29,21,79.8,65.5,81.75,Female,East Zone,Science,Under Graduate,Post Graduation,Self employed,Self employed,Single,Urban,0-3 Lakh,Family,no experience,Job
30,21,66.4,67.8,70.01,Male,East Zone,Science,Under Graduate,no formal Education,RETIRED,House wife,Single,Urban,0-3 Lakh,Loan,no experience,Job
31,24,79,61,70,Male,East Zone,Science,SSC,HSC,Farming,House wife,Single,Urban,5-7 Lakh,Loan,no experience,Job
32,20,72,66,60,Male,East Zone,Management,Under Graduate,Under Graduate,Professional Job,House wife,Single,Urban,0-3 Lakh,Loan and self,no experience,Job
33,21,82.5,67.66,62,Male,GOA,Management,Under Graduate,Under Graduate,RETIRED,House wife,Single,Semi Urban,5-7 Lakh,Loan and family,less than 1 year,Job
34,24,77.85,72.08,69.25,Male,GUJARAT,Engineering,Under Graduate,Under Graduate,Self employed,House wife,Single,Semi Urban,0-3 Lakh,Loan,1-2 year,Job
35,24,56,57,69,Male,GUJARAT,Science,HSC,HSC,Professional Job,Professional Job,Single,Urban,10-15 lakh,Self,2-3 year,Job
36,21,68,86,64,Male,North Zone,Commerce,HSC,Under Graduate,Professional Job,House wife,Single,Urban,7- 10 Lakh,Family,no experience,Job
37,21,68,86,64,Male,North Zone,Commerce,Under Graduate,HSC,Professional Job,House wife,Single,Urban,7- 10 Lakh,Family,no experience,Job
38,20,80,93.25,75,Female,North Zone,Commerce,Under Graduate,Post Graduation,Self employed,Technical Job,Single,Urban,15 lakh and above,Self,no experience,Job
39,22,89.3,71,86,Male,North Zone,Management,Under Graduate,Under Graduate,Self employed,House wife,Single,Urban,7- 10 Lakh,Family,1-2 year,Job
40,21,85.5,84.4,66.5,Male,North Zone,Commerce,Post Graduation,Post Graduation,Self employed,House wife,Single,Urban,15 lakh and above,Self,less than 1 year,Job
41,25,83,64,77,Male,North Zone,Management,Under Graduate,Under Graduate,RETIRED,Professional Job,Single,Urban,7- 10 Lakh,Self and Family,2-3 year,Job
42,25,83,64,77,Male,North Zone,Management,Under Graduate,Under Graduate,RETIRED,Professional Job,Single,Urban,7- 10 Lakh,Self and Family,2-3 year,Job
43,22,77,85,67,Male,North Zone,Engineering,Under Graduate,Under Graduate,Professional Job,Technical Job,Single,Semi Urban,10-15 lakh,Self,no experience,Job
44,23,90,85,69,Male,North Zone,Engineering,Under Graduate,HSC,Farming,House wife,Single,Rural,3-5 Lakh,Loan and family,no experience,Job
45,21,87.4,86.6,78,Female,North Zone,Management,Under Graduate,Under Graduate,Self employed,House wife,Single,Urban,7- 10 Lakh,Family,no experience,Job
46,22,76,76,80,Female,North Zone,Engineering,Under Graduate,Under Graduate,Technical Job,Professional Job,Single,Urban,7- 10 Lakh,Loan and family,less than 1 year,Job
47,21,85.5,73.5,69,Male,East Zone,Engineering,Post Graduation,SSC,Professional Job,House wife,Single,Urban,3-5 Lakh,Loan,no experience,Job
48,22,85.5,84.6,86.9,Female,East Zone,Commerce,Under Graduate,Post Graduation,Self employed,Professional Job,Single,Rural,7- 10 Lakh,Loan and family,less than 1 year,Job
49,22,83,82,75.6,Male,East Zone,Commerce,Under Graduate,SSC,Self employed,House wife,Single,Urban,5-7 Lakh,Self,1-2 year,Self-employed/ entreprene
50,22,76,75,69,Female,East Zone,Commerce,Under Graduate,Under Graduate,Self employed,House wife,Single,Semi Urban,5-7 Lakh,Family,no experience,Job
51,21,85,88,79,Female,East Zone,Commerce,Under Graduate,Under Graduate,Self employed,House wife,Single,Urban,0-3 Lakh,Loan,no experience,Job
52,21,92.4,89,77,Female,East Zone,Commerce,Under Graduate,Under Graduate,Self employed,House wife,Single,Urban,3-5 Lakh,Loan and family,no experience,Higher Studies
53,25,82,87,71,Male,East Zone,Engineering,Under Graduate,Under Graduate,Self employed,House wife,Single,Urban,3-5 Lakh,Loan and self,1-2 year,Job
54,21,93,83,78,Female,East Zone,Management,Under Graduate,SSC,Self employed,House wife,Single,Semi Urban,3-5 Lakh,Loan and self,no experience,Job
55,22,69.6,65.25,62,Male,East Zone,Management,Under Graduate,Under Graduate,Self employed,House wife,Single,Semi Urban,3-5 Lakh,Family,no experience,Job
56,23,72,70,70,Female,East Zone,Commerce,Under Graduate,Under Graduate,Professional Job,Professional Job,Single,Urban,7- 10 Lakh,Loan and family,2-3 year,Job
57,25,83.4,65.2,70.3,Male,East Zone,Engineering,Under Graduate,Under Graduate,Technical Job,House wife,Single,Semi Urban,7- 10 Lakh,Family,3-4 year,Job
58,20,87.4,70.2,78,Male,East Zone,Management,HSC,no formal Education,Technical Job,House wife,Single,Semi Urban,5-7 Lakh,Loan and family,no experience,Job
59,21,91.2,66.66,76.88,Male,East Zone,Management,Post Graduation,HSC,Self employed,House wife,Single,Urban,0-3 Lakh,Loan and family,no experience,Job
60,22,91.2,80,67,Male,Central Zone,Commerce,Under Graduate,Post Graduation,Self employed,Professional Job,Single,Semi Urban,0-3 Lakh,Loan and self,no experience,Job
61,20,91.4,77,65,Female,Central Zone,Commerce,Under Graduate,Under Graduate,Self employed,House wife,Single,Urban,3-5 Lakh,Family,no experience,Job
62,22,71,74.8,72,Male,Central Zone,Engineering,Post Graduation,Under Graduate,Technical Job,House wife,Single,Urban,7- 10 Lakh,Loan,no experience,Job
63,25,77.6,82.6,76.9,Male,Central Zone,Engineering,Under Graduate,Under Graduate,Technical Job,House wife,Single,Semi Urban,7- 10 Lakh,Loan and family,no experience,Job
64,24,70,60,73.4,Male,Central Zone,Management,Post Graduation,Post Graduation,Self employed,House wife,Single,Semi Urban,5-7 Lakh,Family,4-5 year,Job
65,22,87.4,89.4,80.59,Female,Central Zone,Management,Under Graduate,Post Graduation,Professional Job,Professional Job,Single,Urban,15 lakh and above,Family,less than 1 year,Job
66,21,72.2,71.4,72,Male,Central Zone,Management,Under Graduate,Under Graduate,Not Alive,Self employed,Single,Urban,0-3 Lakh,Loan,no experience,Job
67,23,67,62,67,Female,Central Zone,Commerce,Post Graduation,Post Graduation,Self employed,House wife,Single,Urban,0-3 Lakh,Loan and family,1-2 year,Job
68,22,74,61,66,Male,Central Zone,Commerce,Under Graduate,Under Graduate,Self employed,Professional Job,Single,Urban,7- 10 Lakh,Loan and self,no experience,Job
69,23,86.2,74.8,74,Male,Central Zone,Engineering,Post Graduation,Post Graduation,Professional Job,Professional Job,Single,Urban,5-7 Lakh,Self,less than 1 year,Job
70,22,85,77,72,Male,Central Zone,Engineering,Under Graduate,HSC,Self employed,House wife,Single,Semi Urban,3-5 Lakh,Family,no experience,Job
71,26,93.2,83.8,77,Female,Central Zone,Engineering,Under Graduate,Post Graduation,Professional Job,Professional Job,Single,Urban,15 lakh and above,Loan,no experience,Job
72,20,79.8,86.4,70,Male,Central Zone,Management,Under Graduate,Under Graduate,Farming,Technical Job,Single,Semi Urban,3-5 Lakh,Loan,no experience,Job
73,21,77.9,85.4,77.8,Male,Central Zone,Management,Under Graduate,Under Graduate,Self employed,House wife,Single,Semi Urban,7- 10 Lakh,Family,no experience,Job
74,20,91.09,82.32,79,Female,west Zone,Commerce,Under Graduate,Under Graduate,Professional Job,Professional Job,Single,Urban,10-15 lakh,Family,no experience,Job
75,23,76,69,67,Male,west Zone,Commerce,Under Graduate,Under Graduate,Self employed,House wife,Single,Urban,0-3 Lakh,Loan and self,1-2 year,Job
76,21,84,78,87,Female,west Zone,Management,Under Graduate,Under Graduate,Self employed,House wife,Single,Semi Urban,15 lakh and above,Family,no experience,Job
77,24,64.6,73.6,62.47,Male,west Zone,Commerce,HSC,Post Graduation,Self employed,Technical Job,Single,Urban,15 lakh and above,Family,2-3 year,Job
78,24,81.6,67,63,Male,North ZOne,Science,Post Graduation,HSC,Professional Job,Professional Job,Single,Urban,7- 10 Lakh,Self,1-2 year,Job
79,21,89,88.3,75.03,Male,North ZOne,Science,Under Graduate,Under Graduate,Professional Job,Professional Job,Single,Urban,3-5 Lakh,Family,no experience,Job
80,23,79,70,81.6,Male,East Zone,Commerce,PhD or higher qualificati,DIPLOMA,Professional Job,Technical Job,Single,Urban,7- 10 Lakh,Family,1-2 year,Self-employed/ entreprene
81,21,76,75.2,61,Male,East Zone,Commerce,Under Graduate,SSC,Self employed,House wife,Single,Urban,7- 10 Lakh,Family,no experience,Job
82,21,84.66,79.66,70,Male,East Zone,Science,Under Graduate,HSC,Professional Job,House wife,Single,Semi Urban,5-7 Lakh,Loan and family,no experience,Job
83,24,88.75,88.83,88.1,Female,East Zone,Engineering,Under Graduate,Under Graduate,Technical Job,Professional Job,Single,Semi Urban,5-7 Lakh,Family,2-3 year,Job
84,21,76,82,64,Male,North Zone,Commerce,Under Graduate,Under Graduate,Professional Job,Professional Job,Single,Urban,7- 10 Lakh,Self,no experience,Not yet decided
85,20,88,87.8,65,Male,North Zone,Commerce,Under Graduate,Under Graduate,Self employed,House wife,Single,Urban,15 lakh and above,Family,no experience,Job
86,20,85.5,84.2,74,Female,North Zone,Management,HSC,Under Graduate,Professional Job,House wife,Single,Urban,3-5 Lakh,Family,no experience,Job
87,20,58.9,76,68.57,Male,North Zone,Management,HSC,Under Graduate,Self employed,House wife,Single,Urban,7- 10 Lakh,Family,no experience,Job
88,22,61,62,58,Male,west Zone,Commerce,no formal Education,no formal Education,Self employed,House wife,Single,Urban,5-7 Lakh,Family,no experience,Job
89,22,78,70,72,Male,west Zone,Engineering,DIPLOMA,Under Graduate,Technical Job,Professional Job,Single,Urban,7- 10 Lakh,Loan,no experience,Not yet decided
90,22,79.17,80.4,72.51,Male,west Zone,Engineering,SSC,SSC,Self employed,House wife,Single,Urban,0-3 Lakh,Family,less than 1 year,Job
91,25,85.6,74.8,63.9,Male,west Zone,Engineering,Under Graduate,HSC,Technical Job,House wife,Single,Rural,3-5 Lakh,Family,2-3 year,Job
92,23,83,84,69.9,Female,west Zone,Commerce,Under Graduate,Post Graduation,Self employed,House wife,Single,Urban,3-5 Lakh,Family,no experience,Job
93,23,85,92,64,Male,south zone,Commerce,no formal Education,no formal Education,Self employed,House wife,Single,Semi Urban,5-7 Lakh,Family,2-3 year,Job
94,20,79,81,76,Male,south zone,Commerce,Post Graduation,Post Graduation,Self employed,Professional Job,Single,Urban,3-5 Lakh,Family,no experience,Job
95,22,86,86,83.5,Male,south zone,Commerce,Post Graduation,Under Graduate,Self employed,House wife,Single,Urban,0-3 Lakh,Family,no experience,Self-employed/ entreprene
96,20,94,93.7,85,Female,south zone,Commerce,Under Graduate,HSC,Self employed,House wife,Single,Urban,7- 10 Lakh,Family,no experience,Job
97,20,96,93.1,63,Male,south zone,Commerce,Under Graduate,Post Graduation,Technical Job,Professional Job,Single,Urban,10-15 lakh,Self,no experience,Job
98,21,86.5,83,72,Male,south zone,Commerce,Under Graduate,Under Graduate,Self employed,House wife,Single,Semi Urban,3-5 Lakh,Loan,no experience,Self-employed/ entreprene
99,23,92,87.5,77.7,Female,south zone,Engineering,HSC,SSC,Self employed,House wife,Single,Urban,5-7 Lakh,Loan,less than 1 year,Job
100,23,76,84,71,Female,south zone,Engineering,Post Graduation,Under Graduate,Farming,House wife,Single,Urban,0-3 Lakh,Family,no experience,Job
101,21,93.3,91.5,72.5,Male,south zone,Engineering,Under Graduate,Post Graduation,Professional Job,Professional Job,Single,Urban,5-7 Lakh,Family,no experience,Job
102,25,84.5,95,75.44,Female,south zone,Engineering,Under Graduate,Post Graduation,Professional Job,Professional Job,Single,Semi Urban,7- 10 Lakh,Family,2-3 year,Job
103,22,76,79,68,Male,south zone,Engineering,Under Graduate,Under Graduate,Technical Job,House wife,Single,Semi Urban,10-15 lakh,Loan and family,no experience,Job
104,21,83.6,73.4,82.22,Female,south zone,Commerce,Post Graduation,HSC,Professional Job,House wife,Single,Urban,10-15 lakh,Self,no experience,Job
105,22,92,94,78.71,Female,south zone,Engineering,Under Graduate,no formal Education,Professional Job,House wife,Single,Urban,7- 10 Lakh,Family,no experience,Self-employed/ entreprene
106,28,84.5,86.8,63.74,Female,south zone,Engineering,Under Graduate,Under Graduate,Self employed,House wife,Married,Urban,7- 10 Lakh,Loan and family,3-4 year,Job
107,21,91,93,89.5,Female,south zone,Commerce,Under Graduate,Under Graduate,Professional Job,House wife,Single,Urban,3-5 Lakh,Loan and family,no experience,Job
108,20,80,80,76,Male,south zone,Management,Under Graduate,SSC,Technical Job,House wife,Single,Urban,0-3 Lakh,Loan and family,no experience,Job
109,22,94,81,72,Female,south zone,Commerce,CA/CS,Under Graduate,Professional Job,House wife,Single,Urban,15 lakh and above,Self,1-2 year,Job
110,23,75,81,63,Male,south zone,Commerce,DIPLOMA,Under Graduate,Professional Job,House wife,Single,Urban,0-3 Lakh,Loan and family,no experience,Job
111,22,78,76,76,Female,south zone,Commerce,HSC,SSC,Self employed,House wife,Single,Urban,0-3 Lakh,Self,no experience,Job
112,20,75.36,83.5,84.5,Male,south zone,Commerce,DIPLOMA,SSC,Self employed,House wife,Single,Urban,0-3 Lakh,Loan,no experience,Higher Studies
113,20,77.43,81.81,80,Female,south zone,Commerce,PhD or higher qualificati,DIPLOMA,Self employed,Professional Job,Single,Urban,7- 10 Lakh,Self,no experience,Job
114,20,61,68,60,Male,south zone,Commerce,SSC,SSC,others,House wife,Single,Urban,0-3 Lakh,Family,no experience,Job
115,22,72,83,80,Female,south zone,Commerce,Under Graduate,HSC,Self employed,House wife,Single,Urban,10-15 lakh,Family,no experience,Job
116,20,70,83,63,Female,south zone,Commerce,Under Graduate,Under Graduate,Professional Job,Professional Job,Single,Urban,3-5 Lakh,Family,no experience,Job
117,24,82,81.17,72.83,Male,south zone,Commerce,Under Graduate,Under Graduate,Self employed,House wife,Single,Urban,10-15 lakh,Family,no experience,Job
118,21,70,85,71,Female,south zone,Commerce,Under Graduate,Under Graduate,Self employed,House wife,Single,Rural,0-3 Lakh,Family,less than 1 year,Job
119,21,81.28,89.33,78,Female,south zone,Commerce,Under Graduate,Under Graduate,Self employed,House wife,Single,Urban,3-5 Lakh,Family,no experience,Job
120,20,81.7,92.13,71,Female,south zone,Commerce,Under Graduate,Under Graduate,Self employed,House wife,Single,Urban,10-15 lakh,Family,no experience,Job
121,22,85.5,91.16,69,Female,south zone,Commerce,Under Graduate,Under Graduate,Self employed,Professional Job,Single,Urban,10-15 lakh,Loan and self,1-2 year,Job
122,22,81,84.5,86,Female,south zone,Commerce,Under Graduate,Under Graduate,Technical Job,House wife,Single,Urban,3-5 Lakh,Loan,no experience,Job
123,22,82,78.83,65,Male,south zone,Engineering,PhD or higher qualificati,Under Graduate,Technical Job,House wife,Single,Urban,15 lakh and above,Family,no experience,Job
124,21,92.16,80.8,82.3,Female,south zone,Engineering,Post Graduation,HSC,Technical Job,House wife,Single,Urban,0-3 Lakh,Family,no experience,Job
125,21,88.89,72.44,93,Female,south zone,Engineering,Post Graduation,Under Graduate,Professional Job,House wife,Single,Urban,5-7 Lakh,Family,no experience,Job
126,24,75.8,75.6,63.86,Male,south zone,Engineering,Post Graduation,Under Graduate,Professional Job,House wife,Single,Urban,10-15 lakh,Loan and family,1-2 year,Job
127,24,73,65,63,Male,south zone,Engineering,Post Graduation,Under Graduate,Self employed,Professional Job,Single,Urban,5-7 Lakh,Loan and family,1-2 year,Job
128,21,97.2,91,68,Male,south zone,Engineering,Post Graduation,Under Graduate,Self employed,Professional Job,Single,Urban,3-5 Lakh,Loan and self,less than 1 year,Job
129,26,89.12,84,69.34,Male,south zone,Engineering,Under Graduate,SSC,Professional Job,House wife,Married,Urban,3-5 Lakh,Family,3-4 year,Job
130,23,89.76,85.6,83,Male,south zone,Engineering,Under Graduate,Under Graduate,Professional Job,House wife,Single,Semi Urban,7- 10 Lakh,Family,1-2 year,Job
131,22,94,85,79,Male,south zone,Engineering,Under Graduate,Under Graduate,Professional Job,House wife,Single,Urban,0-3 Lakh,Loan,no experience,Job
132,26,88.16,84.3,74.2,Male,south zone,Engineering,Under Graduate,Under Graduate,Professional Job,Professional Job,Single,Urban,3-5 Lakh,Loan,2-3 year,Job
133,26,88,84,74,Male,south zone,Engineering,Under Graduate,Under Graduate,Professional Job,Professional Job,Single,Semi Urban,3-5 Lakh,Loan,2-3 year,Job
134,25,96.32,93.83,90.4,Female,south zone,Engineering,Under Graduate,Under Graduate,RETIRED,Professional Job,Single,Semi Urban,0-3 Lakh,Loan,2-3 year,Job
135,22,95.52,92.67,79.5,Male,south zone,Engineering,Under Graduate,Under Graduate,Self employed,Professional Job,Single,Urban,3-5 Lakh,Loan and family,no experience,Job
136,21,92,65,80,Female,south zone,Management,Under Graduate,Post Graduation,Self employed,Professional Job,Single,Urban,3-5 Lakh,Family,no experience,Job
137,21,79.8,93.8,79.04,Female,south zone,Management,Under Graduate,Post Graduation,Self employed,House wife,Single,Urban,3-5 Lakh,Loan and family,no experience,Job
138,21,94,74,70,Male,south zone,Management,Under Graduate,Under Graduate,Self employed,House wife,Single,Semi Urban,15 lakh and above,Family,no experience,Family Business
139,24,72,85,72,Male,south zone,Commerce,no formal Education,no formal Education,Technical Job,House wife,Single,Urban,0-3 Lakh,Loan,2-3 year,Job
140,21,74.4,91.33,82,Male,south zone,Commerce,HSC,HSC,Professional Job,House wife,Single,Urban,5-7 Lakh,Loan,no experience,Job
141,23,79,90,71,Male,south zone,Commerce,HSC,HSC,Self employed,House wife,Single,Semi Urban,0-3 Lakh,Loan,1-2 year,Job
142,23,79,90,71,Male,south zone,Commerce,HSC,HSC,Self employed,House wife,Single,Semi Urban,0-3 Lakh,Loan and self,1-2 year,Job
143,20,70.3,88,65,Female,south zone,Commerce,Post Graduation,Post Graduation,Professional Job,Professional Job,Single,Urban,5-7 Lakh,Family,no experience,Self-employed/ entreprene
144,23,95,93,83,Female,south zone,Commerce,Post Graduation,Post Graduation,Professional Job,Professional Job,Single,Urban,7- 10 Lakh,Self,1-2 year,Job
145,23,96.4,88,65,Female,south zone,Commerce,Post Graduation,Under Graduate,Professional Job,House wife,Single,Urban,15 lakh and above,Family,2-3 year,Job
146,21,66.5,87.5,69.17,Female,south zone,Commerce,Post Graduation,Under Graduate,Technical Job,House wife,Single,Urban,10-15 lakh,Loan and family,no experience,Job
147,21,84,85,83,Female,south zone,Commerce,Under Graduate,HSC,Professional Job,House wife,Married,Urban,10-15 lakh,Loan and family,no experience,Job
148,24,68,78,76,Male,south zone,Commerce,Under Graduate,Under Graduate,others,Professional Job,Single,Urban,7- 10 Lakh,Self and Family,2-3 year,Job
149,20,94.4,97.17,94,Female,south zone,Commerce,Under Graduate,Under Graduate,Professional Job,House wife,Single,Semi Urban,3-5 Lakh,Loan,no experience,Job
150,20,94,97,94,Female,south zone,Commerce,Under Graduate,Under Graduate,Professional Job,House wife,Single,Semi Urban,3-5 Lakh,Loan and self,no experience,Self-employed/ entreprene
151,21,81,87,73,Female,south zone,Commerce,Under Graduate,Under Graduate,Self employed,House wife,Single,Urban,7- 10 Lakh,Loan,no experience,Self-employed/ entreprene
152,24,82.3,65.5,69,Male,south zone,Engineering,DIPLOMA,Under Graduate,Professional Job,House wife,Single,Urban,7- 10 Lakh,Loan and family,1-2 year,Job
153,25,90,70,65,Male,south zone,Engineering,Not Alive,Under Graduate,Not Alive,House wife,Single,Urban,3-5 Lakh,Loan and family,2-3 year,Job
154,22,86,76,77,Female,south zone,Engineering,Post Graduation,Under Graduate,Professional Job,Self employed,Single,Urban,15 lakh and above,Family,less than 1 year,Job
155,22,95.52,92.66,79.5,Male,south zone,Engineering,Under Graduate,Under Graduate,Self employed,House wife,Single,Urban,3-5 Lakh,Loan,no experience,Job
156,21,85,81,78,Male,south zone,Management,Under Graduate,Under Graduate,Self employed,House wife,Single,Urban,5-7 Lakh,Self,no experience,Job
157,21,95,67,70,Female,south zone,Science,Post Graduation,Under Graduate,RETIRED,House wife,Single,Urban,3-5 Lakh,Family,no experience,Job
158,22,85,71,70,Male,south zone,Commerce,no formal Education,no formal Education,Self employed,House wife,Single,Semi Urban,7- 10 Lakh,Loan and self,no experience,Family Business
159,22,82,62,82,Male,south zone,Arts,Under Graduate,HSC,Self employed,House wife,Single,Semi Urban,0-3 Lakh,Family,no experience,Job
160,22,85.5,61,74,Male,south zone,Commerce,DIPLOMA,Under Graduate,Self employed,Professional Job,Single,Urban,7- 10 Lakh,Self,no experience,Job
161,22,88,65.2,73.72,Male,south zone,Commerce,HSC,Post Graduation,Technical Job,Professional Job,Single,Rural,5-7 Lakh,Loan,no experience,Job
162,20,80,81.2,76,Female,south zone,Commerce,Post Graduation,PhD or higher qualificati,Professional Job,Professional Job,Single,Urban,10-15 lakh,Loan and family,no experience,Job
163,23,68,69,65,Male,south zone,Commerce,Post Graduation,Under Graduate,Self employed,Self employed,Single,Semi Urban,5-7 Lakh,Loan,1-2 year,Self-employed/ entreprene
164,22,74.1,78,65,Male,south zone,Commerce,Under Graduate,HSC,Professional Job,House wife,Single,Rural,10-15 lakh,Family,less than 1 year,Job
165,24,87,83,63,Male,south zone,Commerce,Under Graduate,Post Graduation,Professional Job,Professional Job,Single,Urban,7- 10 Lakh,Family,no experience,Job
166,22,74.5,78.6,80.4,Female,south zone,Commerce,Under Graduate,Post Graduation,Self employed,House wife,Single,Semi Urban,0-3 Lakh,Loan and family,no experience,Job
167,22,83.6,89.2,82,Male,south zone,Commerce,Under Graduate,Post Graduation,Self employed,House wife,Single,Rural,3-5 Lakh,Self,no experience,Self-employed/ entreprene
168,22,93.1,88.4,80.01,Male,south zone,Commerce,Under Graduate,Under Graduate,Professional Job,House wife,Single,Rural,5-7 Lakh,Self,no experience,Job
169,21,87.4,91.2,69.8,Female,south zone,Commerce,Under Graduate,Under Graduate,Self employed,House wife,Married,Urban,3-5 Lakh,Family,no experience,Job
170,22,95,84.8,79.09,Female,south zone,Commerce,Under Graduate,Under Graduate,Self employed,House wife,Single,Urban,7- 10 Lakh,Family,no experience,Job
171,21,80,92,75,Female,south zone,Commerce,Under Graduate,Under Graduate,Self employed,House wife,Single,Rural,7- 10 Lakh,Family,no experience,Job
172,21,75,60,65,Male,south zone,Commerce,Under Graduate,Under Graduate,Self employed,House wife,Single,Urban,0-3 Lakh,Loan,no experience,Job
173,24,90,96,75,Female,south zone,Engineering,HSC,HSC,Professional Job,Professional Job,Single,Semi Urban,7- 10 Lakh,Loan,2-3 year,Job
174,22,92,73,70,Female,south zone,Engineering,HSC,Under Graduate,Self employed,Self employed,Single,Rural,5-7 Lakh,Family,no experience,Job
175,25,68,67,64,Male,south zone,Engineering,PhD or higher qualificati,Post Graduation,Professional Job,Professional Job,Single,Semi Urban,7- 10 Lakh,Loan,2-3 year,Job
176,22,91.2,94.4,73.15,Female,south zone,Engineering,Post Graduation,Post Graduation,Professional Job,Professional Job,Single,Semi Urban,10-15 lakh,Family,no experience,Job
177,23,95,85,85,Female,south zone,Engineering,Post Graduation,Post Graduation,Professional Job,Professional Job,Single,Urban,15 lakh and above,Family,less than 1 year,Job
178,22,90,88.8,67,Male,south zone,Engineering,Post Graduation,Under Graduate,Professional Job,Professional Job,Single,Semi Urban,5-7 Lakh,Family,no experience,Job
179,23,90,92,79,Female,south zone,Engineering,Under Graduate,Post Graduation,Professional Job,Professional Job,Single,Semi Urban,5-7 Lakh,Self,less than 1 year,Job
180,22,95,95,69,Female,south zone,Engineering,Under Graduate,Under Graduate,Farming,House wife,Single,Rural,3-5 Lakh,Family,no experience,Job
181,25,85,79,68,Female,south zone,Engineering,Under Graduate,Under Graduate,Farming,House wife,Single,Semi Urban,0-3 Lakh,Self,less than 1 year,Job
182,21,95,92.4,79.8,Female,south zone,Engineering,Under Graduate,Under Graduate,Technical Job,House wife,Single,Semi Urban,7- 10 Lakh,Loan and family,no experience,Job
183,19,86.8,72.6,78.9,Male,south zone,Management,DIPLOMA,Post Graduation,Technical Job,Professional Job,Single,Semi Urban,3-5 Lakh,Family,no experience,Job
184,21,76,69,72,Female,south zone,Management,Post Graduation,Post Graduation,Professional Job,Self employed,Single,Urban,5-7 Lakh,Family,no experience,Job
185,21,86,77,70,Female,south zone,Management,Under Graduate,Under Graduate,Professional Job,Professional Job,Single,Urban,5-7 Lakh,Loan,no experience,Job
186,22,89,84,70,Male,south zone,Commerce,Post Graduation,Post Graduation,Professional Job,Professional Job,Single,Rural,3-5 Lakh,Self,no experience,Job
187,23,93.5,89.2,64.75,Male,south zone,Engineering,DIPLOMA,Post Graduation,Self employed,House wife,Single,Semi Urban,3-5 Lakh,Family,no experience,Job
188,25,86,75,65,Male,south zone,Engineering,HSC,Under Graduate,Professional Job,House wife,Single,Semi Urban,7- 10 Lakh,Family,1-2 year,Job
189,23,87.4,79.8,74.92,Male,south zone,Engineering,HSC,Under Graduate,Self employed,House wife,Single,Semi Urban,0-3 Lakh,Family,less than 1 year,Job
190,23,84,74,66,Male,south zone,Engineering,HSC,Under Graduate,Self employed,House wife,Single,Rural,0-3 Lakh,Self,1-2 year,Job
191,26,80,80,76,Male,south zone,Engineering,Post Graduation,HSC,Self employed,House wife,Single,Urban,5-7 Lakh,Self,2-3 year,Job
192,23,91.2,90,75.8,Female,south zone,Engineering,Under Graduate,Under Graduate,Professional Job,Technical Job,Single,Semi Urban,7- 10 Lakh,Loan and self,no experience,Job
193,25,79.4,64,71.2,Male,south zone,Engineering,Under Graduate,Under Graduate,Professional Job,House wife,Single,Urban,7- 10 Lakh,Self,1-2 year,Job
194,24,92.14,86.6,73.5,Female,south zone,Engineering,Under Graduate,Under Graduate,Self employed,House wife,Married,Urban,3-5 Lakh,Family,1-2 year,Job
195,24,83.4,79.6,81,Female,south zone,Engineering,Under Graduate,Under Graduate,Self employed,House wife,Single,Semi Urban,0-3 Lakh,Loan and self,1-2 year,Job
196,24,88,83,63,Male,south zone,Engineering,Under Graduate,Under Graduate,Technical Job,House wife,Single,Rural,5-7 Lakh,Family,less than 1 year,Job
197,24,86,69,73,Male,south zone,Science,Under Graduate,HSC,Farming,House wife,Single,Urban,5-7 Lakh,Loan and family,1-2 year,Job
198,22,89.6,68.6,72,Male,south zone,Science,Under Graduate,Post Graduation,Farming,House wife,Single,Semi Urban,0-3 Lakh,Family,no experience,Job
199,22,96,80,65,Male,south zone,Engineering,Under Graduate,Under Graduate,Professional Job,House wife,Single,Urban,10-15 lakh,Family,no experience,Not yet decided
200,22,94.3,97,79,Female,south zone,Commerce,Post Graduation,Post Graduation,others,Self employed,Single,Urban,0-3 Lakh,Family,1-2 year,Job
201,23,84,85,74,Female,south zone,Commerce,Post Graduation,PhD or higher qualificati,Professional Job,House wife,Single,Urban,15 lakh and above,Family,2-3 year,Job
202,21,89.4,95.6,77,Male,south zone,Commerce,Under Graduate,Post Graduation,Self employed,House wife,Single,Urban,7- 10 Lakh,Family,no experience,Self-employed/ entreprene
203,21,89.4,95.6,77,Male,south zone,Commerce,Under Graduate,Post Graduation,Self employed,House wife,Single,Urban,5-7 Lakh,Self,no experience,Self-employed/ entreprene
204,23,93.4,96,83.4,Female,south zone,Engineering,HSC,no formal Education,Professional Job,Professional Job,Single,Urban,5-7 Lakh,Loan and self,1-2 year,Job
205,24,89.2,85.8,73.8,Male,south zone,Engineering,Under Graduate,DIPLOMA,Professional Job,House wife,Single,Urban,3-5 Lakh,Loan and self,1-2 year,Job
206,22,94,94,75,Male,south zone,Engineering,Under Graduate,Post Graduation,Self employed,Self employed,Single,Urban,5-7 Lakh,Self,less than 1 year,Job
207,23,83.5,79,62,Male,south zone,Engineering,Under Graduate,Under Graduate,Professional Job,House wife,Single,Urban,15 lakh and above,Family,1-2 year,Job
208,24,80.4,81.33,74.7,Male,south zone,Engineering,Under Graduate,Under Graduate,RETIRED,Professional Job,Single,Urban,3-5 Lakh,Loan,2-3 year,Job
209,21,92.5,79.75,79.8,Female,south zone,Engineering,Under Graduate,Under Graduate,Self employed,Self employed,Single,Urban,5-7 Lakh,Family,no experience,Job
210,20,93,92,77,Female,south zone,Science,no formal Education,no formal Education,Farming,House wife,Single,Rural,0-3 Lakh,Loan,no experience,Job
211,20,93,92,77,Female,south zone,Science,no formal Education,no formal Education,Farming,House wife,Single,Rural,0-3 Lakh,Loan,no experience,Job
212,20,93.2,94.75,74,Male,south zone,Commerce,Post Graduation,Post Graduation,Professional Job,House wife,Single,Urban,7- 10 Lakh,Loan,no experience,Job
213,20,87,87,85.69,Female,south zone,Commerce,SSC,no formal Education,Self employed,House wife,Single,Semi Urban,15 lakh and above,Family,no experience,Self-employed/ entreprene
214,25,88.8,90,78.6,Male,south zone,Engineering,DIPLOMA,Post Graduation,Professional Job,House wife,Single,Urban,5-7 Lakh,Family,2-3 year,Job
215,24,93.4,96.58,91.7,Male,south zone,Engineering,HSC,SSC,RETIRED,House wife,Single,Semi Urban,0-3 Lakh,Loan and family,2-3 year,Job
216,23,85.8,84.6,89,Male,south zone,Engineering,no formal Education,no formal Education,Self employed,House wife,Single,Urban,0-3 Lakh,Loan and family,1-2 year,Job
217,23,86,85,85,Male,south zone,Engineering,no formal Education,no formal Education,Self employed,House wife,Single,Semi Urban,0-3 Lakh,Loan and self,1-2 year,Job
218,24,81.8,85.16,63.5,Male,south zone,Engineering,Post Graduation,Under Graduate,Farming,Professional Job,Single,Rural,3-5 Lakh,Family,1-2 year,Job
219,24,89.4,90.75,76.7,Male,south zone,Engineering,Under Graduate,Post Graduation,Technical Job,Professional Job,Single,Urban,5-7 Lakh,Self,2-3 year,Job
220,23,94.4,92.75,74.4,Male,south zone,Engineering,Under Graduate,SSC,Professional Job,House wife,Single,Rural,3-5 Lakh,Family,1-2 year,Job
221,23,94.4,92.75,74,Male,south zone,Engineering,Under Graduate,SSC,Professional Job,House wife,Single,Rural,0-3 Lakh,Self,1-2 year,Job
222,24,89,90,83,Male,south zone,Engineering,Under Graduate,Under Graduate,Self employed,House wife,Single,Semi Urban,3-5 Lakh,Family,2-3 year,Job
223,22,92.8,84.8,78,Female,south zone,Science,Under Graduate,SSC,Professional Job,House wife,Single,Urban,3-5 Lakh,Family,1-2 year,Job
224,21,79.8,87.6,71.73,Female,Nepal,Commerce,Under Graduate,SSC,Self employed,House wife,Single,Urban,15 lakh and above,Self,no experience,Job
225,20,93,94.8,84.55,Female,south zone,Commerce,HSC,HSC,Self employed,House wife,Single,Urban,0-3 Lakh,Loan and family,no experience,Job
226,24,80,72,64,Male,south zone,Commerce,no formal Education,Post Graduation,Self employed,Professional Job,Single,Urban,7- 10 Lakh,Loan,no experience,Job
227,21,84.33,88.7,74.19,Female,south zone,Commerce,Under Graduate,Under Graduate,Professional Job,Professional Job,Single,Urban,0-3 Lakh,Family,no experience,Job
228,25,87,94.8,78,Female,south zone,Engineering,Post Graduation,Post Graduation,Self employed,Professional Job,Married,Urban,5-7 Lakh,Loan and family,3-4 year,Job
229,21,68,88,76,Male,south zone,Engineering,Post Graduation,Post Graduation,Self employed,Self employed,Single,Urban,15 lakh and above,Family,less than 1 year,Job
230,22,68,88,76,Male,south zone,Engineering,Post Graduation,Post Graduation,Self employed,Self employed,Single,Urban,10-15 lakh,Family,less than 1 year,Job
231,22,88.16,79.8,78.8,Male,south zone,Engineering,Post Graduation,Post Graduation,Technical Job,Technical Job,Single,Urban,7- 10 Lakh,Loan,less than 1 year,Job
232,20,88,79,69,Male,south zone,Management,no formal Education,SSC,Self employed,House wife,Single,Rural,0-3 Lakh,Loan,no experience,Job
233,21,94,93,89,Female,south zone,Management,Under Graduate,Under Graduate,Self employed,House wife,Single,Urban,0-3 Lakh,Family,1-2 year,Job
234,23,77.9,60,66,Female,North Zone,Engineering,Under Graduate,Under Graduate,Self employed,House wife,Single,Urban,7- 10 Lakh,Family,no experience,Job
235,22,83.6,84.2,84,Female,North Zone,Arts,Post Graduation,Under Graduate,Self employed,House wife,Single,Urban,7- 10 Lakh,Family,no experience,Job
236,22,83.85,86.2,87.45,Female,North Zone,Commerce,Under Graduate,HSC,Professional Job,House wife,Single,Rural,0-3 Lakh,Family,no experience,Job
237,24,83.3,77,67.1,Female,North Zone,Engineering,Not Alive,Under Graduate,Not Alive,Professional Job,Single,Urban,5-7 Lakh,Family,1-2 year,Job
238,24,76.2,67.4,69.64,Male,North Zone,Engineering,Post Graduation,Post Graduation,Professional Job,House wife,Single,Urban,5-7 Lakh,Family,less than 1 year,Job
239,23,89.3,79.2,72.56,Male,North Zone,Engineering,Post Graduation,SSC,Self employed,House wife,Single,Urban,3-5 Lakh,Loan and family,no experience,Job
240,23,89.3,79.2,72.56,Male,North Zone,Engineering,Post Graduation,SSC,Self employed,House wife,Single,Urban,3-5 Lakh,Loan and family,no experience,Job
241,23,75,72,70,Male,North Zone,Engineering,Under Graduate,Under Graduate,Self employed,House wife,Single,Semi Urban,0-3 Lakh,Loan,less than 1 year,Job
242,21,89.4,70,81.58,Female,North Zone,Management,Post Graduation,Under Graduate,Self employed,House wife,Single,Rural,15 lakh and above,Family,no experience,Job
243,22,91.2,78,69.8,Female,North Zone,Science,Under Graduate,Under Graduate,Professional Job,Professional Job,Single,Urban,5-7 Lakh,Family,no experience,Job
244,21,95,82,79,Female,North Zone,Science,Under Graduate,Under Graduate,Professional Job,House wife,Single,Semi Urban,5-7 Lakh,Loan and self,no experience,Job
245,23,81.4,77.9,75.2,Female,North Zone,Engineering,Post Graduation,Post Graduation,Self employed,Professional Job,Single,Semi Urban,5-7 Lakh,Family,no experience,Job
246,24,68,63,64,Female,North Zone,Management,Post Graduation,Post Graduation,Professional Job,House wife,Single,Urban,10-15 lakh,Family,less than 1 year,Job
247,21,74.1,86.8,70.63,Female,North Zone,Management,Under Graduate,Under Graduate,Self employed,House wife,Single,Urban,3-5 Lakh,Family,no experience,Job
248,23,87,89,80,Female,North Zone,Science,DIPLOMA,Post Graduation,Self employed,House wife,Single,Urban,10-15 lakh,Loan and family,no experience,Job
249,22,89.9,83.4,84.1,Female,North Zone,Science,Under Graduate,Post Graduation,Self employed,Professional Job,Single,Urban,0-3 Lakh,Loan,no experience,Job
250,23,88.6,76.4,74.6,Female,North Zone,Science,Under Graduate,Under Graduate,Self employed,Self employed,Single,Urban,3-5 Lakh,Family,no experience,Job
251,20,93,85,66,Female,North Zone,Commerce,Under Graduate,Post Graduation,Self employed,Professional Job,Single,Urban,5-7 Lakh,Family,no experience,Job
252,21,91.2,90.2,86,Female,North Zone,Commerce,Under Graduate,Under Graduate,Self employed,Self employed,Single,Semi Urban,5-7 Lakh,Family,no experience,Job
253,22,91.25,92,75.5,Male,North Zone,Management,Post Graduation,Under Graduate,Professional Job,House wife,Single,Semi Urban,3-5 Lakh,Family,no experience,Job
254,21,70,67,65,Male,North Zone,Commerce,Under Graduate,SSC,Professional Job,House wife,Single,Semi Urban,7- 10 Lakh,Family,no experience,Job
255,25,83.4,79,66.8,Male,North Zone,Engineering,Post Graduation,Post Graduation,Professional Job,Professional Job,Single,Urban,15 lakh and above,Family,2-3 year,Job
256,22,85,89,63,Female,East Zone,Commerce,CA/CS,Under Graduate,Professional Job,House wife,Single,Urban,15 lakh and above,Self,no experience,Job
257,26,82,82.29,66,Female,East Zone,Commerce,Post Graduation,Post Graduation,Technical Job,House wife,Single,Urban,3-5 Lakh,Loan and self,no experience,Job
258,23,80.6,68.3,73,Male,East Zone,Engineering,no formal Education,no formal Education,Self employed,House wife,Single,Urban,5-7 Lakh,Family,no experience,Job
259,26,82.6,77,74.1,Female,East Zone,Engineering,Post Graduation,Under Graduate,Professional Job,House wife,Single,Urban,10-15 lakh,Self and Family,1-2 year,Job
260,23,88.67,85.29,75.5,Female,East Zone,Engineering,Under Graduate,HSC,Professional Job,House wife,Single,Urban,7- 10 Lakh,Loan,no experience,Job
261,22,86.92,74,84.95,Male,East Zone,Engineering,Under Graduate,Under Graduate,Professional Job,House wife,Single,Urban,10-15 lakh,Self,no experience,Job
262,22,78,80,87,Male,East Zone,Engineering,Under Graduate,Under Graduate,Self employed,House wife,Single,Urban,5-7 Lakh,Loan and family,1-2 year,Job
263,23,80.67,60.29,70.58,Male,East Zone,Management,Under Graduate,Under Graduate,Professional Job,House wife,Single,Urban,5-7 Lakh,Loan and family,less than 1 year,Job
264,22,89.8,82.5,62.375,Male,East Zone,Science,Under Graduate,Under Graduate,Professional Job,House wife,Single,Semi Urban,7- 10 Lakh,Loan and family,no experience,Job
265,24,82.2,71.4,64.25,Female,East Zone,Science,Under Graduate,Under Graduate,Self employed,Professional Job,Single,Urban,5-7 Lakh,Loan,no experience,Job
266,25,69.2,69.2,74.5,Female,East Zone,Arts,Post Graduation,Under Graduate,Self employed,House wife,Single,Urban,5-7 Lakh,Family,2-3 year,Job
267,23,77,87,65,Female,East Zone,Commerce,Post Graduation,Under Graduate,Professional Job,House wife,Single,Urban,10-15 lakh,Family,no experience,Job
268,21,91.2,85,64,Female,East Zone,Commerce,Under Graduate,Under Graduate,Professional Job,House wife,Single,Urban,5-7 Lakh,Self,no experience,Job
269,26,84,91.5,71.44,Female,East Zone,Commerce,Under Graduate,Under Graduate,Self employed,Self employed,Single,Urban,7- 10 Lakh,Loan,2-3 year,Job
270,26,75.75,61.86,67.88,Male,East Zone,Engineering,no formal Education,no formal Education,Farming,House wife,Single,Rural,0-3 Lakh,Loan,3-4 year,Job
271,26,85.4,80,84.2,Female,East Zone,Engineering,Post Graduation,Under Graduate,Professional Job,Professional Job,Single,Semi Urban,3-5 Lakh,Loan and self,3-4 year,Job
272,22,78,80,87,Male,East Zone,Engineering,Under Graduate,HSC,Self employed,House wife,Single,Urban,5-7 Lakh,Loan and self,1-2 year,Job
273,22,78,80,87,Male,East Zone,Engineering,Under Graduate,HSC,Self employed,House wife,Single,Urban,5-7 Lakh,Loan and self,1-2 year,Job
